<?xml version="1.0" encoding="UTF-8" ?>
<module>
	<name>cronjobs</name>
	<displayName><![CDATA[Менеджер заданий cron]]></displayName>
	<version><![CDATA[1.3.2]]></version>
	<description><![CDATA[Управление задачами автоматизации магазина из единого интерфейса.]]></description>
	<author><![CDATA[PrestaShop]]></author>
	<tab><![CDATA[administration]]></tab>
	<is_configurable>1</is_configurable>
	<need_instance>1</need_instance>
	<limited_countries></limited_countries>
</module>