"Category ID";"Active (0/1)";"Name *";"Parent category";Description;"Meta title";"Meta keywords";"Meta description";"URL rewritten";"Image URL"
3;1;Makeup;2;"<p>Our company advocates the postulate that the health is the biggest value in our lives. The point is that science and nature are easily combined in products that we are glad to offer you today. Our goal is to help you stay healthy as well as gorgeous at the same time. Soon you’ll discover how it is possible to use organic cosmetics for your body.</p><p>You can shop with the confidence that you are in the place which has over twenty years of experience in organic cosmetics industry. We’ve collected all our knowledge to deliver you only the best organic, biodynamic, natural, wild-harvested cosmetology brands in the world.</p>";;;;makeup;http://localhost/Prestashop/prestashop_011/img/c/3.jpg
39;1;"Skin Care";2;"<p>Our company advocates the postulate that the health is the biggest value in our lives. The point is that science and nature are easily combined in products that we are glad to offer you today. Our goal is to help you stay healthy as well as gorgeous at the same time. Soon you’ll discover how it is possible to use organic cosmetics for your body.</p><p>You can shop with the confidence that you are in the place which has over twenty years of experience in organic cosmetics industry. We’ve collected all our knowledge to deliver you only the best organic, biodynamic, natural, wild-harvested cosmetology brands in the world.</p>";;;;skin-care;http://localhost/Prestashop/prestashop_011/img/c/39.jpg
40;1;"Lip Care";2;"<p>Our company advocates the postulate that the health is the biggest value in our lives. The point is that science and nature are easily combined in products that we are glad to offer you today. Our goal is to help you stay healthy as well as gorgeous at the same time. Soon you’ll discover how it is possible to use organic cosmetics for your body.</p><p>You can shop with the confidence that you are in the place which has over twenty years of experience in organic cosmetics industry. We’ve collected all our knowledge to deliver you only the best organic, biodynamic, natural, wild-harvested cosmetology brands in the world.</p>";;;;lip-care;http://localhost/Prestashop/prestashop_011/img/c/40.jpg
41;1;Cleansers;2;"<p>Our company advocates the postulate that the health is the biggest value in our lives. The point is that science and nature are easily combined in products that we are glad to offer you today. Our goal is to help you stay healthy as well as gorgeous at the same time. Soon you’ll discover how it is possible to use organic cosmetics for your body.</p><p>You can shop with the confidence that you are in the place which has over twenty years of experience in organic cosmetics industry. We’ve collected all our knowledge to deliver you only the best organic, biodynamic, natural, wild-harvested cosmetology brands in the world.</p>";;;;cleansers;http://localhost/Prestashop/prestashop_011/img/c/41.jpg
42;1;Toners;2;"<p>Our company advocates the postulate that the health is the biggest value in our lives. The point is that science and nature are easily combined in products that we are glad to offer you today. Our goal is to help you stay healthy as well as gorgeous at the same time. Soon you’ll discover how it is possible to use organic cosmetics for your body.</p><p>You can shop with the confidence that you are in the place which has over twenty years of experience in organic cosmetics industry. We’ve collected all our knowledge to deliver you only the best organic, biodynamic, natural, wild-harvested cosmetology brands in the world.</p>";;;;toners;http://localhost/Prestashop/prestashop_011/img/c/42.jpg
43;1;Clearance;2;"<p>Our company advocates the postulate that the health is the biggest value in our lives. The point is that science and nature are easily combined in products that we are glad to offer you today. Our goal is to help you stay healthy as well as gorgeous at the same time. Soon you’ll discover how it is possible to use organic cosmetics for your body.</p><p>You can shop with the confidence that you are in the place which has over twenty years of experience in organic cosmetics industry. We’ve collected all our knowledge to deliver you only the best organic, biodynamic, natural, wild-harvested cosmetology brands in the world.</p>";;;;clearance;http://localhost/Prestashop/prestashop_011/img/c/43.jpg
4;1;"Aliquam congue";3;"<p>Our company advocates the postulate that the health is the biggest value in our lives. The point is that science and nature are easily combined in products that we are glad to offer you today. Our goal is to help you stay healthy as well as gorgeous at the same time. Soon you’ll discover how it is possible to use organic cosmetics for your body.</p><p>You can shop with the confidence that you are in the place which has over twenty years of experience in organic cosmetics industry. We’ve collected all our knowledge to deliver you only the best organic, biodynamic, natural, wild-harvested cosmetology brands in the world.</p>";;;;aliquam-congue;http://localhost/Prestashop/prestashop_011/img/c/4.jpg
11;1;"Pellentesque sed";3;"<p>Our company advocates the postulate that the health is the biggest value in our lives. The point is that science and nature are easily combined in products that we are glad to offer you today. Our goal is to help you stay healthy as well as gorgeous at the same time. Soon you’ll discover how it is possible to use organic cosmetics for your body.</p><p>You can shop with the confidence that you are in the place which has over twenty years of experience in organic cosmetics industry. We’ve collected all our knowledge to deliver you only the best organic, biodynamic, natural, wild-harvested cosmetology brands in the world.</p>";;;;pellentesque-sed;http://localhost/Prestashop/prestashop_011/img/c/11.jpg
18;1;"Enim adipiscing";3;"<p>Our company advocates the postulate that the health is the biggest value in our lives. The point is that science and nature are easily combined in products that we are glad to offer you today. Our goal is to help you stay healthy as well as gorgeous at the same time. Soon you’ll discover how it is possible to use organic cosmetics for your body.</p><p>You can shop with the confidence that you are in the place which has over twenty years of experience in organic cosmetics industry. We’ve collected all our knowledge to deliver you only the best organic, biodynamic, natural, wild-harvested cosmetology brands in the world.</p>";;;;enim-adipiscing;http://localhost/Prestashop/prestashop_011/img/c/18.jpg
25;1;"Aliquet sit amet";3;"<p>Our company advocates the postulate that the health is the biggest value in our lives. The point is that science and nature are easily combined in products that we are glad to offer you today. Our goal is to help you stay healthy as well as gorgeous at the same time. Soon you’ll discover how it is possible to use organic cosmetics for your body.</p><p>You can shop with the confidence that you are in the place which has over twenty years of experience in organic cosmetics industry. We’ve collected all our knowledge to deliver you only the best organic, biodynamic, natural, wild-harvested cosmetology brands in the world.</p>";;;;aliquet-sit-amet;http://localhost/Prestashop/prestashop_011/img/c/25.jpg
32;1;Phasellus;3;"<p>Our company advocates the postulate that the health is the biggest value in our lives. The point is that science and nature are easily combined in products that we are glad to offer you today. Our goal is to help you stay healthy as well as gorgeous at the same time. Soon you’ll discover how it is possible to use organic cosmetics for your body.</p><p>You can shop with the confidence that you are in the place which has over twenty years of experience in organic cosmetics industry. We’ve collected all our knowledge to deliver you only the best organic, biodynamic, natural, wild-harvested cosmetology brands in the world.</p>";;;;phasellus;http://localhost/Prestashop/prestashop_011/img/c/32.jpg
5;1;"Lorem ipsum dolor";4;"<p>Our company advocates the postulate that the health is the biggest value in our lives. The point is that science and nature are easily combined in products that we are glad to offer you today. Our goal is to help you stay healthy as well as gorgeous at the same time. Soon you’ll discover how it is possible to use organic cosmetics for your body.</p><p>You can shop with the confidence that you are in the place which has over twenty years of experience in organic cosmetics industry. We’ve collected all our knowledge to deliver you only the best organic, biodynamic, natural, wild-harvested cosmetology brands in the world.</p>";;;;lorem-ipsum-dolor;http://localhost/Prestashop/prestashop_011/img/c/5.jpg
6;1;"Sit amet conse";4;"<p>Our company advocates the postulate that the health is the biggest value in our lives. The point is that science and nature are easily combined in products that we are glad to offer you today. Our goal is to help you stay healthy as well as gorgeous at the same time. Soon you’ll discover how it is possible to use organic cosmetics for your body.</p><p>You can shop with the confidence that you are in the place which has over twenty years of experience in organic cosmetics industry. We’ve collected all our knowledge to deliver you only the best organic, biodynamic, natural, wild-harvested cosmetology brands in the world.</p>";;;;sit-amet-conse;http://localhost/Prestashop/prestashop_011/img/c/6.jpg
7;1;"Ctetur adipisicing elit";4;"<p>Our company advocates the postulate that the health is the biggest value in our lives. The point is that science and nature are easily combined in products that we are glad to offer you today. Our goal is to help you stay healthy as well as gorgeous at the same time. Soon you’ll discover how it is possible to use organic cosmetics for your body.</p><p>You can shop with the confidence that you are in the place which has over twenty years of experience in organic cosmetics industry. We’ve collected all our knowledge to deliver you only the best organic, biodynamic, natural, wild-harvested cosmetology brands in the world.</p>";;;;ctetur-adipisicing-elit;http://localhost/Prestashop/prestashop_011/img/c/7.jpg
8;1;"Sed do eiusmod";4;"<p>Our company advocates the postulate that the health is the biggest value in our lives. The point is that science and nature are easily combined in products that we are glad to offer you today. Our goal is to help you stay healthy as well as gorgeous at the same time. Soon you’ll discover how it is possible to use organic cosmetics for your body.</p><p>You can shop with the confidence that you are in the place which has over twenty years of experience in organic cosmetics industry. We’ve collected all our knowledge to deliver you only the best organic, biodynamic, natural, wild-harvested cosmetology brands in the world.</p>";;;;sed-do-eiusmod;http://localhost/Prestashop/prestashop_011/img/c/8.jpg
9;1;"Tempor incididunt ut";4;"<p>Our company advocates the postulate that the health is the biggest value in our lives. The point is that science and nature are easily combined in products that we are glad to offer you today. Our goal is to help you stay healthy as well as gorgeous at the same time. Soon you’ll discover how it is possible to use organic cosmetics for your body.</p><p>You can shop with the confidence that you are in the place which has over twenty years of experience in organic cosmetics industry. We’ve collected all our knowledge to deliver you only the best organic, biodynamic, natural, wild-harvested cosmetology brands in the world.</p>";;;;tempor-incididunt-ut;http://localhost/Prestashop/prestashop_011/img/c/9.jpg
10;1;"Labore et dolore";4;"<p>Our company advocates the postulate that the health is the biggest value in our lives. The point is that science and nature are easily combined in products that we are glad to offer you today. Our goal is to help you stay healthy as well as gorgeous at the same time. Soon you’ll discover how it is possible to use organic cosmetics for your body.</p><p>You can shop with the confidence that you are in the place which has over twenty years of experience in organic cosmetics industry. We’ve collected all our knowledge to deliver you only the best organic, biodynamic, natural, wild-harvested cosmetology brands in the world.</p>";;;;labore-et-dolore;http://localhost/Prestashop/prestashop_011/img/c/10.jpg
12;1;"Lorem ipsum dolor";11;"<p>Our company advocates the postulate that the health is the biggest value in our lives. The point is that science and nature are easily combined in products that we are glad to offer you today. Our goal is to help you stay healthy as well as gorgeous at the same time. Soon you’ll discover how it is possible to use organic cosmetics for your body.</p><p>You can shop with the confidence that you are in the place which has over twenty years of experience in organic cosmetics industry. We’ve collected all our knowledge to deliver you only the best organic, biodynamic, natural, wild-harvested cosmetology brands in the world.</p>";;;;lorem-ipsum-dolor;http://localhost/Prestashop/prestashop_011/img/c/12.jpg
13;1;"Sit amet conse";11;"<p>Our company advocates the postulate that the health is the biggest value in our lives. The point is that science and nature are easily combined in products that we are glad to offer you today. Our goal is to help you stay healthy as well as gorgeous at the same time. Soon you’ll discover how it is possible to use organic cosmetics for your body.</p><p>You can shop with the confidence that you are in the place which has over twenty years of experience in organic cosmetics industry. We’ve collected all our knowledge to deliver you only the best organic, biodynamic, natural, wild-harvested cosmetology brands in the world.</p>";;;;sit-amet-conse;http://localhost/Prestashop/prestashop_011/img/c/13.jpg
14;1;"Ctetur adipisicing elit";11;"<p>Our company advocates the postulate that the health is the biggest value in our lives. The point is that science and nature are easily combined in products that we are glad to offer you today. Our goal is to help you stay healthy as well as gorgeous at the same time. Soon you’ll discover how it is possible to use organic cosmetics for your body.</p><p>You can shop with the confidence that you are in the place which has over twenty years of experience in organic cosmetics industry. We’ve collected all our knowledge to deliver you only the best organic, biodynamic, natural, wild-harvested cosmetology brands in the world.</p>";;;;ctetur-adipisicing-elit;http://localhost/Prestashop/prestashop_011/img/c/14.jpg
15;1;"Sed do eiusmod";11;"<p>Our company advocates the postulate that the health is the biggest value in our lives. The point is that science and nature are easily combined in products that we are glad to offer you today. Our goal is to help you stay healthy as well as gorgeous at the same time. Soon you’ll discover how it is possible to use organic cosmetics for your body.</p><p>You can shop with the confidence that you are in the place which has over twenty years of experience in organic cosmetics industry. We’ve collected all our knowledge to deliver you only the best organic, biodynamic, natural, wild-harvested cosmetology brands in the world.</p>";;;;sed-do-eiusmod;http://localhost/Prestashop/prestashop_011/img/c/15.jpg
16;1;"Tempor incididunt ut";11;"<p>Our company advocates the postulate that the health is the biggest value in our lives. The point is that science and nature are easily combined in products that we are glad to offer you today. Our goal is to help you stay healthy as well as gorgeous at the same time. Soon you’ll discover how it is possible to use organic cosmetics for your body.</p><p>You can shop with the confidence that you are in the place which has over twenty years of experience in organic cosmetics industry. We’ve collected all our knowledge to deliver you only the best organic, biodynamic, natural, wild-harvested cosmetology brands in the world.</p>";;;;tempor-incididunt-ut;http://localhost/Prestashop/prestashop_011/img/c/16.jpg
17;1;"Labore et dolore";11;"<p>Our company advocates the postulate that the health is the biggest value in our lives. The point is that science and nature are easily combined in products that we are glad to offer you today. Our goal is to help you stay healthy as well as gorgeous at the same time. Soon you’ll discover how it is possible to use organic cosmetics for your body.</p><p>You can shop with the confidence that you are in the place which has over twenty years of experience in organic cosmetics industry. We’ve collected all our knowledge to deliver you only the best organic, biodynamic, natural, wild-harvested cosmetology brands in the world.</p>";;;;labore-et-dolore;http://localhost/Prestashop/prestashop_011/img/c/17.jpg
19;1;"Lorem ipsum dolor";18;"<p>Our company advocates the postulate that the health is the biggest value in our lives. The point is that science and nature are easily combined in products that we are glad to offer you today. Our goal is to help you stay healthy as well as gorgeous at the same time. Soon you’ll discover how it is possible to use organic cosmetics for your body.</p><p>You can shop with the confidence that you are in the place which has over twenty years of experience in organic cosmetics industry. We’ve collected all our knowledge to deliver you only the best organic, biodynamic, natural, wild-harvested cosmetology brands in the world.</p>";;;;lorem-ipsum-dolor;http://localhost/Prestashop/prestashop_011/img/c/19.jpg
20;1;"Sit amet conse";18;"<p>Our company advocates the postulate that the health is the biggest value in our lives. The point is that science and nature are easily combined in products that we are glad to offer you today. Our goal is to help you stay healthy as well as gorgeous at the same time. Soon you’ll discover how it is possible to use organic cosmetics for your body.</p><p>You can shop with the confidence that you are in the place which has over twenty years of experience in organic cosmetics industry. We’ve collected all our knowledge to deliver you only the best organic, biodynamic, natural, wild-harvested cosmetology brands in the world.</p>";;;;sit-amet-conse;http://localhost/Prestashop/prestashop_011/img/c/20.jpg
21;1;"Ctetur adipisicing elit";18;"<p>Our company advocates the postulate that the health is the biggest value in our lives. The point is that science and nature are easily combined in products that we are glad to offer you today. Our goal is to help you stay healthy as well as gorgeous at the same time. Soon you’ll discover how it is possible to use organic cosmetics for your body.</p><p>You can shop with the confidence that you are in the place which has over twenty years of experience in organic cosmetics industry. We’ve collected all our knowledge to deliver you only the best organic, biodynamic, natural, wild-harvested cosmetology brands in the world.</p>";;;;ctetur-adipisicing-elit;http://localhost/Prestashop/prestashop_011/img/c/21.jpg
22;1;"Sed do eiusmod";18;"<p>Our company advocates the postulate that the health is the biggest value in our lives. The point is that science and nature are easily combined in products that we are glad to offer you today. Our goal is to help you stay healthy as well as gorgeous at the same time. Soon you’ll discover how it is possible to use organic cosmetics for your body.</p><p>You can shop with the confidence that you are in the place which has over twenty years of experience in organic cosmetics industry. We’ve collected all our knowledge to deliver you only the best organic, biodynamic, natural, wild-harvested cosmetology brands in the world.</p>";;;;sed-do-eiusmod;http://localhost/Prestashop/prestashop_011/img/c/22.jpg
23;1;"Tempor incididunt ut";18;"<p>Our company advocates the postulate that the health is the biggest value in our lives. The point is that science and nature are easily combined in products that we are glad to offer you today. Our goal is to help you stay healthy as well as gorgeous at the same time. Soon you’ll discover how it is possible to use organic cosmetics for your body.</p><p>You can shop with the confidence that you are in the place which has over twenty years of experience in organic cosmetics industry. We’ve collected all our knowledge to deliver you only the best organic, biodynamic, natural, wild-harvested cosmetology brands in the world.</p>";;;;tempor-incididunt-ut;http://localhost/Prestashop/prestashop_011/img/c/23.jpg
24;1;"Labore et dolore";18;"<p>Our company advocates the postulate that the health is the biggest value in our lives. The point is that science and nature are easily combined in products that we are glad to offer you today. Our goal is to help you stay healthy as well as gorgeous at the same time. Soon you’ll discover how it is possible to use organic cosmetics for your body.</p><p>You can shop with the confidence that you are in the place which has over twenty years of experience in organic cosmetics industry. We’ve collected all our knowledge to deliver you only the best organic, biodynamic, natural, wild-harvested cosmetology brands in the world.</p>";;;;labore-et-dolore;http://localhost/Prestashop/prestashop_011/img/c/24.jpg
26;1;"Lorem ipsum dolor";25;"<p>Our company advocates the postulate that the health is the biggest value in our lives. The point is that science and nature are easily combined in products that we are glad to offer you today. Our goal is to help you stay healthy as well as gorgeous at the same time. Soon you’ll discover how it is possible to use organic cosmetics for your body.</p><p>You can shop with the confidence that you are in the place which has over twenty years of experience in organic cosmetics industry. We’ve collected all our knowledge to deliver you only the best organic, biodynamic, natural, wild-harvested cosmetology brands in the world.</p>";;;;lorem-ipsum-dolor;http://localhost/Prestashop/prestashop_011/img/c/26.jpg
27;1;"Sit amet conse";25;"<p>Our company advocates the postulate that the health is the biggest value in our lives. The point is that science and nature are easily combined in products that we are glad to offer you today. Our goal is to help you stay healthy as well as gorgeous at the same time. Soon you’ll discover how it is possible to use organic cosmetics for your body.</p><p>You can shop with the confidence that you are in the place which has over twenty years of experience in organic cosmetics industry. We’ve collected all our knowledge to deliver you only the best organic, biodynamic, natural, wild-harvested cosmetology brands in the world.</p>";;;;sit-amet-conse;http://localhost/Prestashop/prestashop_011/img/c/27.jpg
28;1;"Ctetur adipisicing elit";25;"<p>Our company advocates the postulate that the health is the biggest value in our lives. The point is that science and nature are easily combined in products that we are glad to offer you today. Our goal is to help you stay healthy as well as gorgeous at the same time. Soon you’ll discover how it is possible to use organic cosmetics for your body.</p><p>You can shop with the confidence that you are in the place which has over twenty years of experience in organic cosmetics industry. We’ve collected all our knowledge to deliver you only the best organic, biodynamic, natural, wild-harvested cosmetology brands in the world.</p>";;;;ctetur-adipisicing-elit;http://localhost/Prestashop/prestashop_011/img/c/28.jpg
29;1;"Sed do eiusmod";25;"<p>Our company advocates the postulate that the health is the biggest value in our lives. The point is that science and nature are easily combined in products that we are glad to offer you today. Our goal is to help you stay healthy as well as gorgeous at the same time. Soon you’ll discover how it is possible to use organic cosmetics for your body.</p><p>You can shop with the confidence that you are in the place which has over twenty years of experience in organic cosmetics industry. We’ve collected all our knowledge to deliver you only the best organic, biodynamic, natural, wild-harvested cosmetology brands in the world.</p>";;;;sed-do-eiusmod;http://localhost/Prestashop/prestashop_011/img/c/29.jpg
30;1;"Tempor incididunt ut";25;"<p>Our company advocates the postulate that the health is the biggest value in our lives. The point is that science and nature are easily combined in products that we are glad to offer you today. Our goal is to help you stay healthy as well as gorgeous at the same time. Soon you’ll discover how it is possible to use organic cosmetics for your body.</p><p>You can shop with the confidence that you are in the place which has over twenty years of experience in organic cosmetics industry. We’ve collected all our knowledge to deliver you only the best organic, biodynamic, natural, wild-harvested cosmetology brands in the world.</p>";;;;tempor-incididunt-ut;http://localhost/Prestashop/prestashop_011/img/c/30.jpg
31;1;"Labore et dolore";25;"<p>Our company advocates the postulate that the health is the biggest value in our lives. The point is that science and nature are easily combined in products that we are glad to offer you today. Our goal is to help you stay healthy as well as gorgeous at the same time. Soon you’ll discover how it is possible to use organic cosmetics for your body.</p><p>You can shop with the confidence that you are in the place which has over twenty years of experience in organic cosmetics industry. We’ve collected all our knowledge to deliver you only the best organic, biodynamic, natural, wild-harvested cosmetology brands in the world.</p>";;;;labore-et-dolore;http://localhost/Prestashop/prestashop_011/img/c/31.jpg
33;1;"Lorem ipsum dolor";32;"<p>Our company advocates the postulate that the health is the biggest value in our lives. The point is that science and nature are easily combined in products that we are glad to offer you today. Our goal is to help you stay healthy as well as gorgeous at the same time. Soon you’ll discover how it is possible to use organic cosmetics for your body.</p><p>You can shop with the confidence that you are in the place which has over twenty years of experience in organic cosmetics industry. We’ve collected all our knowledge to deliver you only the best organic, biodynamic, natural, wild-harvested cosmetology brands in the world.</p>";;;;lorem-ipsum-dolor;http://localhost/Prestashop/prestashop_011/img/c/33.jpg
34;1;"Sit amet conse";32;"<p>Our company advocates the postulate that the health is the biggest value in our lives. The point is that science and nature are easily combined in products that we are glad to offer you today. Our goal is to help you stay healthy as well as gorgeous at the same time. Soon you’ll discover how it is possible to use organic cosmetics for your body.</p><p>You can shop with the confidence that you are in the place which has over twenty years of experience in organic cosmetics industry. We’ve collected all our knowledge to deliver you only the best organic, biodynamic, natural, wild-harvested cosmetology brands in the world.</p>";;;;sit-amet-conse;http://localhost/Prestashop/prestashop_011/img/c/34.jpg
35;1;"Ctetur adipisicing elit";32;"<p>Our company advocates the postulate that the health is the biggest value in our lives. The point is that science and nature are easily combined in products that we are glad to offer you today. Our goal is to help you stay healthy as well as gorgeous at the same time. Soon you’ll discover how it is possible to use organic cosmetics for your body.</p><p>You can shop with the confidence that you are in the place which has over twenty years of experience in organic cosmetics industry. We’ve collected all our knowledge to deliver you only the best organic, biodynamic, natural, wild-harvested cosmetology brands in the world.</p>";;;;ctetur-adipisicing-elit;http://localhost/Prestashop/prestashop_011/img/c/35.jpg
36;1;"Sed do eiusmod";32;"<p>Our company advocates the postulate that the health is the biggest value in our lives. The point is that science and nature are easily combined in products that we are glad to offer you today. Our goal is to help you stay healthy as well as gorgeous at the same time. Soon you’ll discover how it is possible to use organic cosmetics for your body.</p><p>You can shop with the confidence that you are in the place which has over twenty years of experience in organic cosmetics industry. We’ve collected all our knowledge to deliver you only the best organic, biodynamic, natural, wild-harvested cosmetology brands in the world.</p>";;;;sed-do-eiusmod;http://localhost/Prestashop/prestashop_011/img/c/36.jpg
37;1;"Tempor incididunt ut";32;"<p>Our company advocates the postulate that the health is the biggest value in our lives. The point is that science and nature are easily combined in products that we are glad to offer you today. Our goal is to help you stay healthy as well as gorgeous at the same time. Soon you’ll discover how it is possible to use organic cosmetics for your body.</p><p>You can shop with the confidence that you are in the place which has over twenty years of experience in organic cosmetics industry. We’ve collected all our knowledge to deliver you only the best organic, biodynamic, natural, wild-harvested cosmetology brands in the world.</p>";;;;tempor-incididunt-ut;http://localhost/Prestashop/prestashop_011/img/c/37.jpg
38;1;"Labore et dolore";32;"<p>Our company advocates the postulate that the health is the biggest value in our lives. The point is that science and nature are easily combined in products that we are glad to offer you today. Our goal is to help you stay healthy as well as gorgeous at the same time. Soon you’ll discover how it is possible to use organic cosmetics for your body.</p><p>You can shop with the confidence that you are in the place which has over twenty years of experience in organic cosmetics industry. We’ve collected all our knowledge to deliver you only the best organic, biodynamic, natural, wild-harvested cosmetology brands in the world.</p>";;;;labore-et-dolore;http://localhost/Prestashop/prestashop_011/img/c/38.jpg
