"Manufacturer ID";"Active (0/1)";"Name *";Description;"Short description";"Meta title";"Meta keywords";"Meta description";"URL rewritten"
8;1;"Duis semper congue metus";"<p>Duis semper congue metus in pellentesque. Nulla dictum enim eu enim feugiat, eget vulputate justo aliquam. Fusce sed porta justo. Aliquam nibh turpis, tempus vel sagittis id, volutpat a lacus. In a nunc ultricies, lacinia est id, bibendum orci. Aenean bibendum nulla eros, vel fermentum nisl sodales ut. Phasellus a erat id mi pulvinar cursus. Vestibulum elit libero, tristique in scelerisque id, tempor a neque. Cras ante mauris, elementum vel ultrices in, facilisis ac ipsum.</p>";"<p>Duis semper congue metus in pellentesque. Nulla dictum enim eu enim feugiat, eget vulputate justo aliquam. Fusce sed porta justo. Aliquam nibh turpis, tempus vel sagittis id, volutpat a lacus.</p>";;;;duis-semper-congue-metus
2;1;"Fusce a viverra nulla";"Lorem ipsum dolor sit amet, consectetur adipiscing elit. Ut feugiat lobortis ligula. Nullam aliquam odio tellus, ut vestibulum lorem dictum ac. Pellentesque adipiscing dapibus feugiat. Fusce vitae auctor erat, vitae eleifend libero. Interdum et malesuada fames ac ante ipsum primis in faucibus. Sed tincidunt lacinia elit, ac varius dui. Aenean aliquet ipsum nec erat molestie feugiat. Morbi in volutpat eros, quis venenatis lacus. Maecenas vel ornare orci. In posuere est lectus, in dignissim mauris varius ac. Sed imperdiet porttitor nulla, eu egestas leo lacinia at. Duis sed felis vel orci aliquet venenatis. Aenean ut nisi vel nulla tincidunt convallis.";"Lorem ipsum dolor sit amet, consectetur adipiscing elit. Ut feugiat lobortis ligula. Nullam aliquam odio tellus, ut vestibulum lorem dictum ac. Pellentesque adipiscing dapibus feugiat.";;;;fusce-a-viverra-nulla
3;1;"Fusce vitae auctor erat";"Lorem ipsum dolor sit amet, consectetur adipiscing elit. Ut feugiat lobortis ligula. Nullam aliquam odio tellus, ut vestibulum lorem dictum ac. Pellentesque adipiscing dapibus feugiat. Fusce vitae auctor erat, vitae eleifend libero. Interdum et malesuada fames ac ante ipsum primis in faucibus. Sed tincidunt lacinia elit, ac varius dui. Aenean aliquet ipsum nec erat molestie feugiat. Morbi in volutpat eros, quis venenatis lacus. Maecenas vel ornare orci. In posuere est lectus, in dignissim mauris varius ac. Sed imperdiet porttitor nulla, eu egestas leo lacinia at. Duis sed felis vel orci aliquet venenatis. Aenean ut nisi vel nulla tincidunt convallis.";"Lorem ipsum dolor sit amet, consectetur adipiscing elit. Ut feugiat lobortis ligula. Nullam aliquam odio tellus, ut vestibulum lorem dictum ac. Pellentesque adipiscing dapibus feugiat.";;;;fusce-vitae-auctor-erat
4;1;"Lorem ipsum dolor";"Lorem ipsum dolor sit amet, consectetur adipiscing elit. Ut feugiat lobortis ligula. Nullam aliquam odio tellus, ut vestibulum lorem dictum ac. Pellentesque adipiscing dapibus feugiat. Fusce vitae auctor erat, vitae eleifend libero. Interdum et malesuada fames ac ante ipsum primis in faucibus. Sed tincidunt lacinia elit, ac varius dui. Aenean aliquet ipsum nec erat molestie feugiat. Morbi in volutpat eros, quis venenatis lacus. Maecenas vel ornare orci. In posuere est lectus, in dignissim mauris varius ac. Sed imperdiet porttitor nulla, eu egestas leo lacinia at. Duis sed felis vel orci aliquet venenatis. Aenean ut nisi vel nulla tincidunt convallis.";"Lorem ipsum dolor sit amet, consectetur adipiscing elit. Ut feugiat lobortis ligula. Nullam aliquam odio tellus, ut vestibulum lorem dictum ac. Pellentesque adipiscing dapibus feugiat.";;;;lorem-ipsum-dolor
5;1;"Nullam aliquam odio tellus";"Lorem ipsum dolor sit amet, consectetur adipiscing elit. Ut feugiat lobortis ligula. Nullam aliquam odio tellus, ut vestibulum lorem dictum ac. Pellentesque adipiscing dapibus feugiat. Fusce vitae auctor erat, vitae eleifend libero. Interdum et malesuada fames ac ante ipsum primis in faucibus. Sed tincidunt lacinia elit, ac varius dui. Aenean aliquet ipsum nec erat molestie feugiat. Morbi in volutpat eros, quis venenatis lacus. Maecenas vel ornare orci. In posuere est lectus, in dignissim mauris varius ac. Sed imperdiet porttitor nulla, eu egestas leo lacinia at. Duis sed felis vel orci aliquet venenatis. Aenean ut nisi vel nulla tincidunt convallis.";"Lorem ipsum dolor sit amet, consectetur adipiscing elit. Ut feugiat lobortis ligula. Nullam aliquam odio tellus, ut vestibulum lorem dictum ac. Pellentesque adipiscing dapibus feugiat.";;;;nullam-aliquam-odio-tellus
6;1;"Sed tincidunt lacinia elit";"Lorem ipsum dolor sit amet, consectetur adipiscing elit. Ut feugiat lobortis ligula. Nullam aliquam odio tellus, ut vestibulum lorem dictum ac. Pellentesque adipiscing dapibus feugiat. Fusce vitae auctor erat, vitae eleifend libero. Interdum et malesuada fames ac ante ipsum primis in faucibus. Sed tincidunt lacinia elit, ac varius dui. Aenean aliquet ipsum nec erat molestie feugiat. Morbi in volutpat eros, quis venenatis lacus. Maecenas vel ornare orci. In posuere est lectus, in dignissim mauris varius ac. Sed imperdiet porttitor nulla, eu egestas leo lacinia at. Duis sed felis vel orci aliquet venenatis. Aenean ut nisi vel nulla tincidunt convallis.";"Lorem ipsum dolor sit amet, consectetur adipiscing elit. Ut feugiat lobortis ligula. Nullam aliquam odio tellus, ut vestibulum lorem dictum ac. Pellentesque adipiscing dapibus feugiat.";;;;sed-tincidunt-lacinia-elit
7;1;"Ut feugiat lobortis ligula";"Lorem ipsum dolor sit amet, consectetur adipiscing elit. Ut feugiat lobortis ligula. Nullam aliquam odio tellus, ut vestibulum lorem dictum ac. Pellentesque adipiscing dapibus feugiat. Fusce vitae auctor erat, vitae eleifend libero. Interdum et malesuada fames ac ante ipsum primis in faucibus. Sed tincidunt lacinia elit, ac varius dui. Aenean aliquet ipsum nec erat molestie feugiat. Morbi in volutpat eros, quis venenatis lacus. Maecenas vel ornare orci. In posuere est lectus, in dignissim mauris varius ac. Sed imperdiet porttitor nulla, eu egestas leo lacinia at. Duis sed felis vel orci aliquet venenatis. Aenean ut nisi vel nulla tincidunt convallis.";"Lorem ipsum dolor sit amet, consectetur adipiscing elit. Ut feugiat lobortis ligula. Nullam aliquam odio tellus, ut vestibulum lorem dictum ac. Pellentesque adipiscing dapibus feugiat.";;;;ut-feugiat-lobortis-ligula
